doc_id,ai_read_doc_id,shelfmark,holding,theme,text_status,has_translation,machine_read,image_url,n_images_in_record,ai_read_available_any
Philadelphia_CAJS_Halper_251,,Halper 251,"Library at the Katz Center, University of Pennsylvania",Hoshanot and the Day of the Willow,none,False,,https://storage.googleapis.com/cairo-genizah-es-json/images/Halper_251_1r.jpg,18,False
Manchester_JRL_B_2562,,JRL B 2562,"John Rylands Research Institute and Library, University of Manchester",Hoshanot and the Day of the Willow,none,False,,https://storage.googleapis.com/cairo-genizah-es-json/images/B_2562_1r.jpg,2,False
Manchester_JRL_B_3541,,JRL B 3541,"John Rylands Research Institute and Library, University of Manchester",Hoshanot and the Day of the Willow,none,False,,https://storage.googleapis.com/cairo-genizah-es-json/images/B_3541_1r.jpg,2,False
Cambridge_Lewis_Gibson_L_G_Lit_I_33,,L-G Lit. I.33,Cambridge University Library,Hoshanot and the Day of the Willow,none,False,,https://storage.googleapis.com/cairo-genizah-es-json/images/L_G_Lit_I_33_1r.jpg,2,False
Cambridge_CUL_T_S_8J17_24,,T-S 8J17.24,Cambridge University Library,Hoshanot and the Day of the Willow,human,False,,https://storage.googleapis.com/cairo-genizah-es-json/images/1988_image.jpg,1,False
Cambridge_CUL_T_S_24_68,,T-S 24.68,Cambridge University Library,Hoshanot and the Day of the Willow,human,True,,https://storage.googleapis.com/cairo-genizah-es-json/images/1810_image.jpg,1,False
Cambridge_CUL_T_S_H18_17,,T-S H18.17,Cambridge University Library,Hoshanot and the Day of the Willow,none,False,,https://storage.googleapis.com/cairo-genizah-es-json/KTIV/990051198610205171/0001_FL202923909.jpg,2,False
Cambridge_CUL_T_S_Misc_22_186,,T-S Misc.22.186,Cambridge University Library,Hoshanot and the Day of the Willow,none,False,,https://storage.googleapis.com/cairo-genizah-es-json/images/T_S_Misc_22_186_1r.jpg,2,False
Cambridge_CUL_T_S_NS_159_124,,T-S NS 159.124,Cambridge University Library,Hoshanot and the Day of the Willow,none,False,,https://storage.googleapis.com/cairo-genizah-es-json/KTIV/990051089780205171/0001_FL167152889.jpg,2,False
Cambridge_CUL_T_S_NS_159_146,,T-S NS 159.146,Cambridge University Library,Hoshanot and the Day of the Willow,none,False,,https://storage.googleapis.com/cairo-genizah-es-json/KTIV/990051089800205171/0001_FL167153351.jpg,2,False
Paris_AIU_IV_A_85,,AIU IV.A.85,"Library of the Alliance Israélite Universelle, Paris",Festival prayers,none,False,,https://storage.googleapis.com/cairo-genizah-es-json/KTIV/990044046810205171/0001_FL203201371.jpg,4,False
Cambridge_CUL_Or_1080_15_21,Cambridge_CUL_Or_1080_15_21,Or.1080 15.21,Cambridge University Library,Festival prayers,machine,False,7/12,https://storage.googleapis.com/cairo-genizah-es-json/images/Or_1080_15_21_1r.jpg,2,True
Cambridge_CUL_T_S_AS_109_184,,T-S AS 109.184,Cambridge University Library,Festival prayers,none,False,,https://storage.googleapis.com/cairo-genizah-es-json/KTIV/990052032910205171/0001_FL203051138.jpg,2,False
Cambridge_CUL_T_S_B13_16,,T-S B13.16,Cambridge University Library,Festival prayers,human,False,,https://storage.googleapis.com/cairo-genizah-es-json/images/T_S_B13_16_1r.jpg,2,False
Oxford_Bodleian_Bodl_MS_heb_e_39_94,Oxford_Bodleian_MS_heb_e_39_94,Bodl. MS heb. e 39/94,"Bodleian Library, Oxford",Poems for Sukkot,machine,False,20/26,https://storage.googleapis.com/cairo-genizah-es-json/images/MS_heb_e_39_94_1r.jpg,1,True
Cambridge_Lewis_Gibson_L_G_Lit_I_158,,L-G Lit. I.158,Cambridge University Library,Poems for Sukkot,none,False,,https://storage.googleapis.com/cairo-genizah-es-json/images/L_G_Lit_I_158_1r.jpg,2,False
Jerusalem_NLI_577_2_15,,NLI 4° 577.2/15,National Library of Israel,Poems for Sukkot,none,False,,https://storage.googleapis.com/cairo-genizah-es-json/images/577_2_15_1r.jpg,2,False
Cambridge_CUL_T_S_16_31,,T-S 16.31,Cambridge University Library,Poems for Sukkot,none,False,,https://storage.googleapis.com/cairo-genizah-es-json/images/35274_image.jpg,1,False
Cambridge_CUL_T_S_K6_80,,T-S K6.80,Cambridge University Library,Poems for Sukkot,none,False,,https://storage.googleapis.com/cairo-genizah-es-json/images/T_S_K6_80_1r.jpg,4,False
New_York_JTS_ENA_2114_1,,ENA 2114.1,Jewish Theological Seminary,Shemini Atzeret and the prayer for rain,none,False,,https://storage.googleapis.com/cairo-genizah-es-json/KTIV/990053128400205171/0001_FL156450009.jpg,2,False
Cambridge_Lewis_Gibson_L_G_Glass_37,,L-G Glass 37,Cambridge University Library,Shemini Atzeret and the prayer for rain,none,False,,https://storage.googleapis.com/cairo-genizah-es-json/images/L_G_Glass_37_1r.jpg,2,False
Cambridge_CUL_T_S_K27_65,,T-S K27.65,Cambridge University Library,Shemini Atzeret and the prayer for rain,none,False,,https://storage.googleapis.com/cairo-genizah-es-json/KTIV/990051220840205171/0001_FL165462525.jpg,2,False
Oxford_Bodleian_Bodl_MS_heb_e_39_1,,Bodl. MS heb. e 39/1,"Bodleian Libraries, University of Oxford",Simhat Torah and the reading cycle,none,False,,https://storage.googleapis.com/cairo-genizah-es-json/BODLEIAN/Oxford_Bodleian_MS_heb_e_39_1/MS_HEB_e_39_1a.jpg,2,False
Oxford_Bodleian_Bodl_MS_heb_e_39_153,,Bodl. MS heb. e 39/153,"Bodleian Library, Oxford",Simhat Torah and the reading cycle,none,False,,https://storage.googleapis.com/cairo-genizah-es-json/BODLEIAN/Oxford_Bodleian_MS_heb_e_39_153/MS_HEB_e_39_153a.jpg,2,False
Manchester_JRL_B_3078,,JRL B 3078,"John Rylands Research Institute and Library, University of Manchester","Readings: haftarot, Targum and Psalms",none,False,,https://storage.googleapis.com/cairo-genizah-es-json/images/B_3078_1r.jpg,2,False
Cambridge_CUL_T_S_A17_5,,T-S A17.5,Cambridge University Library,"Readings: haftarot, Targum and Psalms",none,False,,https://storage.googleapis.com/cairo-genizah-es-json/images/T_S_A17_5_1r.jpg,4,False
Cambridge_CUL_T_S_A32_41,,T-S A32.41,Cambridge University Library,"Readings: haftarot, Targum and Psalms",none,False,,https://storage.googleapis.com/cairo-genizah-es-json/KTIV/990051137470205171/0001_FL164077461.jpg,8,False
Cambridge_CUL_T_S_B14_42,,T-S B14.42,Cambridge University Library,"Readings: haftarot, Targum and Psalms",none,False,,https://storage.googleapis.com/cairo-genizah-es-json/images/T_S_B14_42_1r.jpg,2,False
Cambridge_CUL_T_S_B18_25,,T-S B18.25,Cambridge University Library,"Readings: haftarot, Targum and Psalms",none,False,,https://storage.googleapis.com/cairo-genizah-es-json/images/T_S_B18_25_1r.jpg,2,False
Paris_AIU_IV_A_157,Paris_AIU_IV_A_157,AIU IV.A.157,"Library of the Alliance Israélite Universelle, Paris",Sermons for the festival,machine,False,17/19,https://storage.googleapis.com/cairo-genizah-es-json/images/IV_A_157_1r.jpg,4,True
Paris_AIU_IV_B_59,,AIU IV.B.59,"Library of the Alliance Israélite Universelle, Paris",Sermons for the festival,none,False,,https://storage.googleapis.com/cairo-genizah-es-json/images/IV_B_59_1r.jpg,2,False
Paris_AIU_IV_B_46,Paris_AIU_IV_B_46,AIU IV.B.46,"Library of the Alliance Israélite Universelle, Paris",The law of the sukkah and the four species,machine,False,24/31,https://storage.googleapis.com/cairo-genizah-es-json/images/IV_B_46_1r.jpg,15,True
Philadelphia_CAJS_Halper_258,,Halper 258,"Library at the Katz Center, University of Pennsylvania",The law of the sukkah and the four species,none,False,,https://storage.googleapis.com/cairo-genizah-es-json/images/Halper_258_1.jpg,4,False
Philadelphia_CAJS_Halper_262,Philadelphia_CAJS_Halper_262,Halper 262,"Library at the Katz Center, University of Pennsylvania",The law of the sukkah and the four species,machine,False,8/16,https://storage.googleapis.com/cairo-genizah-es-json/images/Halper_262_1r.jpg,4,True
Manchester_JRL_L_121,,JRL L 121,"John Rylands Library, Manchester",The law of the sukkah and the four species,none,False,,https://storage.googleapis.com/cairo-genizah-es-json/images/L_121_1r.jpg,2,False
Strasbourg_4062_3,,Strasbourg BNU 4062.3,National and University Library of Strasbourg,The law of the sukkah and the four species,human,False,,https://storage.googleapis.com/cairo-genizah-es-json/KTIV/990053964850205171/0001_FL201487932.jpg,2,False
Cambridge_CUL_T_S_E1_66,,T-S E1.66,Cambridge University Library,The law of the sukkah and the four species,none,False,,https://storage.googleapis.com/cairo-genizah-es-json/images/T_S_E1_66_1r.jpg,3,False
Cambridge_CUL_T_S_E2_101,,T-S E2.101,Cambridge University Library,The law of the sukkah and the four species,none,False,,https://storage.googleapis.com/cairo-genizah-es-json/images/T_S_E2_101_1r.jpg,4,False
Cambridge_CUL_T_S_F1_3,,T-S F1(1).3,Cambridge University Library,The law of the sukkah and the four species,human,False,,https://storage.googleapis.com/cairo-genizah-es-json/KTIV/990051162800205171/0001_FL201505351.jpg,4,False
Cambridge_CUL_T_S_F9_52,,T-S F9.52,Cambridge University Library,The law of the sukkah and the four species,none,False,,https://storage.googleapis.com/cairo-genizah-es-json/images/T_S_F9_52_1r.jpg,2,False
Cambridge_CUL_T_S_F10_64,,T-S F10.64,Cambridge University Library,The law of the sukkah and the four species,none,False,,https://storage.googleapis.com/cairo-genizah-es-json/images/T_S_F10_64_1r.jpg,2,False
Cambridge_CUL_T_S_G1_95,,T-S G1.95,Cambridge University Library,The law of the sukkah and the four species,none,False,,https://storage.googleapis.com/cairo-genizah-es-json/images/T_S_G1_95_1r.jpg,2,False
Vienna_ONB_H_184,,ÖNB H 184,"Austrian National Library, Vienna",The law of the sukkah and the four species,none,False,,https://storage.googleapis.com/cairo-genizah-es-json/images/H_184_1r.jpg,4,False
Manchester_JRL_A_984,,JRL A 984,"John Rylands Library, Manchester",Later customs and Kabbalah,none,False,,https://storage.googleapis.com/cairo-genizah-es-json/images/A_984_1r.jpg,4,False
New_York_JTS_ENA_2555_1,New_York_JTS_ENA_2555_1,ENA 2555.1,Jewish Theological Seminary,Fixing the festival: the calendar,machine,False,8/28,https://storage.googleapis.com/cairo-genizah-es-json/images/12023_image.jpg,1,True
New_York_JTS_ENA_2556_2,,ENA 2556.2,Jewish Theological Seminary,Fixing the festival: the calendar,human,False,,https://storage.googleapis.com/cairo-genizah-es-json/images/6620_image.jpg,1,False
Manchester_JRL_A_452,,JRL A 452,"John Rylands Research Institute and Library, University of Manchester",Fixing the festival: the calendar,none,False,,https://storage.googleapis.com/cairo-genizah-es-json/images/A_452_1r.jpg,2,False
Cambridge_CUL_T_S_K2_8,,T-S K2.8,Cambridge University Library,Fixing the festival: the calendar,human,True,,https://storage.googleapis.com/cairo-genizah-es-json/images/40114_image.jpg,1,False
Cambridge_CUL_T_S_NS_194_92,,T-S NS 194.92,Cambridge University Library,Fixing the festival: the calendar,none,False,,https://storage.googleapis.com/cairo-genizah-es-json/images/34481_image.jpg,1,False
Cambridge_CUL_Or_1080_J105,,Or.1080 J105,Cambridge University Library,The assembly on the Mount of Olives,human,False,,https://storage.googleapis.com/cairo-genizah-es-json/images/2251_image.jpg,1,False
Cambridge_CUL_Or_1080_J115,,Or.1080 J115,Cambridge University Library,The assembly on the Mount of Olives,none,False,,https://storage.googleapis.com/cairo-genizah-es-json/images/8888_image.jpg,1,False
Cambridge_CUL_T_S_10J9_25,,T-S 10J9.25,Cambridge University Library,The assembly on the Mount of Olives,human,False,,https://storage.googleapis.com/cairo-genizah-es-json/images/35754_image.jpg,1,False
Cambridge_CUL_T_S_13J19_16,,T-S 13J19.16,Cambridge University Library,The assembly on the Mount of Olives,human,False,,https://storage.googleapis.com/cairo-genizah-es-json/images/991_image.jpg,1,False
Cambridge_CUL_T_S_Misc_35_11,,T-S Misc.35.11,Cambridge University Library,The assembly on the Mount of Olives,human,True,,https://storage.googleapis.com/cairo-genizah-es-json/images/1357_image.jpg,1,False
Cambridge_CUL_T_S_NS_320_42,,T-S NS 320.42,Cambridge University Library,The assembly on the Mount of Olives,human,True,,https://storage.googleapis.com/cairo-genizah-es-json/KTIV/990051713400205171/0001_FL169456346.jpg,3,False
Cambridge_CUL_T_S_8J27_12,,T-S 8J27.12,Cambridge University Library,"Palm branches, myrtle and citrons",human,False,,https://storage.googleapis.com/cairo-genizah-es-json/images/3746_image.jpg,1,False
Cambridge_CUL_T_S_12_546,,T-S 12.546,Cambridge University Library,"Palm branches, myrtle and citrons",none,False,,https://storage.googleapis.com/cairo-genizah-es-json/images/T_S_12_546_1r.jpg,2,False
Cambridge_CUL_T_S_16_222,,T-S 16.222,Cambridge University Library,"Palm branches, myrtle and citrons",human,True,,https://storage.googleapis.com/cairo-genizah-es-json/images/1719_image.jpg,1,False
Cambridge_CUL_T_S_AS_153_287,,T-S AS 153.287,Cambridge University Library,"Palm branches, myrtle and citrons",none,False,,https://storage.googleapis.com/cairo-genizah-es-json/images/18460_image.jpg,1,False
Cambridge_CUL_T_S_Misc_8_61,,T-S Misc.8.61,Cambridge University Library,"Palm branches, myrtle and citrons",human,False,,https://storage.googleapis.com/cairo-genizah-es-json/images/T_S_Misc_8_61_1r.jpg,2,False
Cambridge_CUL_T_S_NS_J221,,T-S NS J221,Cambridge University Library,"Palm branches, myrtle and citrons",human,False,,https://storage.googleapis.com/cairo-genizah-es-json/images/T_S_NS_J221_1r.jpg,2,False
Cambridge_CUL_T_S_18J4_12,,T-S 18J4.12,Cambridge University Library,The sukkah in the synagogue courtyard,human,False,,https://storage.googleapis.com/cairo-genizah-es-json/images/3534_image.jpg,1,False
Cambridge_CUL_T_S_Ar_18_155,,T-S Ar.18(1).155,Cambridge University Library,The sukkah in the synagogue courtyard,human,True,,https://storage.googleapis.com/cairo-genizah-es-json/images/1249_image.jpg,1,False
Cambridge_CUL_T_S_K25_190,,T-S K25.190,Cambridge University Library,The sukkah in the synagogue courtyard,human,False,,https://storage.googleapis.com/cairo-genizah-es-json/images/T_S_K25_190_1r.jpg,2,False
Oxford_Bodleian_Bodl_MS_heb_b_3_5,Oxford_Bodleian_MS_heb_b_3_5,Bodl. MS heb. b 3/5,"Bodleian Libraries, University of Oxford",Dated by the festival,machine,False,6/18,https://storage.googleapis.com/cairo-genizah-es-json/BODLEIAN/Oxford_Bodleian_Bodl_MS_heb_b_3_5/MS_HEB_b_3_5a.jpg,3,True
Cambridge_CUL_T_S_12_305,,T-S 12.305,Cambridge University Library,Dated by the festival,human,False,,https://storage.googleapis.com/cairo-genizah-es-json/images/T_S_12_305_1v.jpg,1,False
Cambridge_CUL_T_S_13J8_10,Cambridge_CUL_T_S_13J8_10,T-S 13J8.10,Cambridge University Library,Dated by the festival,machine,False,9/14,https://storage.googleapis.com/cairo-genizah-es-json/images/16139_image.jpg,1,True
Cambridge_CUL_T_S_AS_148_39,,T-S AS 148.39,Cambridge University Library,Dated by the festival,none,False,,https://storage.googleapis.com/cairo-genizah-es-json/KTIV/990052157410205171/0001_FL166752816.jpg,2,False
New_York_JTS_ENA_2808_59,,ENA 2808.59,Jewish Theological Seminary,"Letters, greetings and travellers",none,False,,https://storage.googleapis.com/cairo-genizah-es-json/images/12467_image.jpg,1,False
Cambridge_CUL_T_S_12_355,,T-S 12.355,Cambridge University Library,"Letters, greetings and travellers",human,True,,https://storage.googleapis.com/cairo-genizah-es-json/images/T_S_12_355_1v.jpg,1,False
Cambridge_CUL_T_S_13J7_29,,T-S 13J7.29,Cambridge University Library,Rabbanites and Karaites,human,True,,https://storage.googleapis.com/cairo-genizah-es-json/images/1243_image.jpg,1,False
Cambridge_CUL_T_S_24_1,,T-S 24.1,Cambridge University Library,Rabbanites and Karaites,human,False,,https://storage.googleapis.com/cairo-genizah-es-json/images/3559_image.jpg,1,False
Cambridge_CUL_T_S_Misc_25_109,,T-S Misc.25.109,Cambridge University Library,Rabbanites and Karaites,none,False,,https://storage.googleapis.com/cairo-genizah-es-json/images/T_S_Misc_25_109_1r.jpg,2,False
